name	pool	seq	size	%gc	tm (use 65)
VRShB_1_LEFT	1	AAGTGCTATTTAAGTCTAACCTTTTCAATC	30	30.00	59.71
VRShB_1_RIGHT	1	AGTCATTACTGAGTCACTTAGTCTTTTAGA	30	33.33	60.69
VRShB_2_LEFT	2	ACAATGCCAATATTACAAAATGGAGGA	27	33.33	60.37
VRShB_2_RIGHT	2	TGTGTGTGATGATTTCTTTGGTGAG	25	40.00	60.37
VRShB_3_LEFT	1	GGGGCAAATAAACTCACCCAATC	23	47.83	60.37
VRShB_3_RIGHT	1	GTTGGAAGTTACGGGTTGAGGT	22	50.00	60.67
VRShB_4_LEFT	2	TCATGGCGGGTTTCTAGAATGT	22	45.45	59.94
VRShB_4_RIGHT	2	TCCTGTGAATTTATGATTTGCATCTTCA	28	32.14	60.66
VRShB_5_LEFT	1	TGACACTCCCAATTATGATGTGCA	24	41.67	60.89
VRShB_5_RIGHT	1	TTACAAGGGCAGCTATACACAGT	23	43.48	59.74
VRShB_6_LEFT	2	AGTCAATATTGAGATAGAATCTAGAAAGTCCT	32	31.25	60.77
VRShB_6_RIGHT	2	CCCCATCTTAGCATTACTTGTCCT	24	45.83	60.47
VRShB_7_LEFT	1	TGCACAATCATCCACAAGAGGG	22	50.00	61.06
VRShB_7_RIGHT	1	AGTTTATTACTCCATTTTCTTTGAGTTGC	29	31.03	60.02
VRShB_8_LEFT	2	AGGCATAATGGGAGAGTATAGAGGT	25	44.00	60.62
VRShB_8_RIGHT	2	TGTTGGTGCCAGATGTTATCGG	22	50.00	61.12
VRShB_9_LEFT	1	TCCAAAGATCCTAAGAAGAAAGATAGCA	28	35.71	60.66
VRShB_9_RIGHT	1	TCTCTTATTCCATCACGAGCCG	22	50.00	60.14
VRShB_10_LEFT	2	GACAACATTACAGCAAGACTAGATAGAA	28	35.71	59.83
VRShB_10_RIGHT	2	GTCTGGCAGTTGATTCAATGGAT	23	43.48	59.56
VRShB_11_LEFT	1	TCACTTGATGATTTTTGATCAGTGATCA	28	32.14	60.40
VRShB_11_RIGHT	1	GTCCTTTGGGCGTAGAGATCTG	22	54.55	60.66
VRShB_12_LEFT	2	GTCATCTGTGCCAGCAGACTTG	22	54.55	61.94
VRShB_12_RIGHT	2	GTTCAGGTCCTTGTTTTTGACACT	24	41.67	60.16
VRShB_13_LEFT	1	ACCATGAAGACATTCAACCCCA	22	45.45	60.08
VRShB_13_RIGHT	1	ATGTGAACCTGTCATTCAATGTTGA	25	36.00	59.85
VRShB_14_LEFT	2	GCATATATTATGTGACTACTAATTGGAAGCA	31	32.26	60.84
VRShB_14_RIGHT	2	TCATATGTATTAGTGTAAAATAGGGCCAA	29	31.03	59.50
VRShB_15_LEFT	1	CCGCCAATTCAATACATATACTGCA	25	40.00	60.20
VRShB_15_RIGHT	1	GTTGCATTTGCCCCAATGTTGT	22	45.45	61.25
VRShB_16_LEFT	2	GCCAACTATCATGGTAGCATAGAGT	25	44.00	60.66
VRShB_16_RIGHT	2	GTGGGTTGTTTGGATGGGCTAA	22	50.00	61.27
VRShB_17_LEFT	1	AACAACGGTCACAGTTCAAACAA	23	39.13	60.00
VRShB_17_RIGHT	1	GTTTTGGTGGGTGGTTTGTTTGT	23	43.48	61.06
VRShB_18_LEFT	2	AACAATCAACTCTGCAAATCCATTTG	26	34.62	60.01
VRShB_18_RIGHT	2	ATCACGGTTCTCTGCTAAGATGT	23	43.48	59.81
VRShB_19_LEFT	1	CGAAAACACACCCAACTCCAC	21	52.38	60.04
VRShB_19_RIGHT	1	AGTGTCAGTTCCATTGCATTTGG	23	43.48	60.25
VRShB_20_LEFT	2	TGAGTGCTTTAAGAACAGGTTGGT	24	41.67	60.95
VRShB_20_RIGHT	2	AGACTGACTACAGCTTTGTTTGTAGA	26	38.46	60.62
VRShB_21_LEFT	1	GCAAGTGGCATAGCTGTATCCA	22	50.00	60.93
VRShB_21_RIGHT	1	TGTTGCCTTACTATCTGAACATTGC	25	40.00	60.26
VRShB_22_LEFT	2	ACAAACAGTGAGTTACTATCATTGATCA	28	32.14	59.72
VRShB_22_RIGHT	2	TGAATATGTCAGTGTTACAAAGGCTG	26	38.46	60.29
VRShB_23_LEFT	1	CTTGTAAAGTACAGTCCAATCGAGTAT	27	37.04	59.51
VRShB_23_RIGHT	1	TGATGCATCAAACTCATCAGAAGGA	25	40.00	60.96
VRShB_24_LEFT	2	AACAAGCTGGAAGGCAAAAACC	22	45.45	60.60
VRShB_24_RIGHT	2	TGATTTGGGATTGGTGGTCAGC	22	50.00	61.33
VRShB_25_LEFT	1	AAGTGGAATCAATAATATTGCATTCAGC	28	32.14	59.93
VRShB_25_RIGHT	1	TGTCCATTGACTTGAGTATCTTGTTTAA	28	32.14	59.87
VRShB_26_LEFT	2	GGTAGAAGATGCCACTACAGTCA	23	47.83	59.81
VRShB_26_RIGHT	2	ACGTCTGCTGGTAATCGTTTGA	22	45.45	60.47
VRShB_27_LEFT	1	GTGTACAATACTGTTATATCATACATCGAGA	31	32.26	60.04
VRShB_27_RIGHT	1	TGTTGGAGAAATTGTTGAGTGGC	23	43.48	60.18
VRShB_28_LEFT	2	ACCATTTGGATAACCACCAGTGT	23	43.48	60.44
VRShB_28_RIGHT	2	TTTTTAGATTCATATGCTCTAGTAGTGGG	29	34.48	59.76
VRShB_29_LEFT	1	GGAGTTACCTTTTTAACGGCCCTTA	25	44.00	61.42
VRShB_29_RIGHT	1	TTTCCACAGCTGAGAGTATATCATCT	26	38.46	59.89
VRShB_30_LEFT	2	AGGACAGAGTTAAGCCCAACAA	22	45.45	59.74
VRShB_30_RIGHT	2	CATGTCAAAAATTGATTGTATGTAGTAGTTGTG	33	30.30	61.50
VRShB_31_LEFT	1	AGATAATCAAACTTTGAGTGGTTTTCAGT	29	31.03	60.78
VRShB_31_RIGHT	1	TGAGCCTTAATAGCTGCATCTGT	23	43.48	60.12
VRShB_32_LEFT	2	TGAAGGCTTCTACATAATAAAAGAAGTAGA	30	30.00	59.51
VRShB_32_RIGHT	2	GCACCTCTCAACGTACTTAGGC	22	54.55	61.17
VRShB_33_LEFT	1	TCCAATGGTTGATGAAAGACAAGC	24	41.67	60.34
VRShB_33_RIGHT	1	GTTCTATATAGTTTTGTATATGTGATGGCATG	32	31.25	60.16
VRShB_34_LEFT	2	AAATGACAAAGCCATTTCTCCTCC	24	41.67	60.10
VRShB_34_RIGHT	2	TGAAGCTCTAGATCACCATATCTTGT	26	38.46	59.89
VRShB_35_LEFT	1	AGGCAAATCCAAATCTTAGCAGAGA	25	40.00	60.96
VRShB_35_RIGHT	1	CTGTATAACCCACTTTGTTCATCAACT	27	37.04	60.32
VRShB_36_LEFT	2	TCACAATAATATGTACATATAGACATGCACC	31	32.26	60.65
VRShB_36_RIGHT	2	CCATTGTGCTGGATTGTTTTGCT	23	43.48	61.06
VRShB_37_LEFT	1	GCATAGGCCATAAGCTTAAGGGA	23	47.83	60.50
VRShB_37_RIGHT	1	AGGCAAGTTCATATACAATGATAACGC	27	37.04	60.79
VRShB_38_LEFT	2	TCTGCAACTCCGAAATCATGCA	22	45.45	61.06
VRShB_38_RIGHT	2	ATTTTAGCTTGCCTTTCAGACCC	23	43.48	59.74
VRShB_39_LEFT	1	TGAACAAATTCTTGACTTGTGTCATCA	27	33.33	60.64
VRShB_39_RIGHT	1	TTTTCCTCATCATATCAGTAGCCCTA	26	38.46	59.66
VRShB_40_LEFT	2	TGGATTAAGAGTTGTTTATGAAAGTTTACC	30	30.00	59.66
VRShB_40_RIGHT	2	AGTAGGTCCTCTTTCACCACGA	22	50.00	60.67
VRShB_41_LEFT	1	ACAACTAGCACTATAGCCAGTGG	23	47.83	60.12
VRShB_41_RIGHT	1	GGACTAGTATCGAAATGATAATTTGTTGTT	30	30.00	59.62
VRShB_42_LEFT	2	ACACCGGTTAACAGTCAGTAGTAG	24	45.83	60.10
VRShB_42_RIGHT	2	TGTGGGATCCAGATTTAAGTGCT	23	43.48	59.99
VRShB_43_LEFT	1	TGAAGCAAGTGATACAAAAACAGCA	25	36.00	60.54
VRShB_43_RIGHT	1	GCTACTGTCTATTAACTCCAAAACACA	27	37.04	60.10
VRShB_44_LEFT	2	GCTGGACATTGGATTCTGATTATTCA	26	38.46	60.18
VRShB_44_RIGHT	2	TCTATGTTAACAACCCAAGGGCA	23	43.48	60.18
VRShB_45_LEFT	1	TGTCTAAAGTTTTCCTAGAACAAAAAGTCA	30	30.00	60.74
VRShB_45_RIGHT	1	AAAGTTTCTGGGGTTGGGTGAT	22	45.45	60.28
VRShB_46_LEFT	2	ACAACACTCATCTGCTAACAAAACA	25	36.00	60.02
VRShB_46_RIGHT	2	TTGACATGATGCCAAGGAAGCA	22	45.45	61.00
VRShB_47_LEFT	1	CCAACCAACTTTACACCACCAC	22	50.00	60.08
VRShB_47_RIGHT	1	AGACCAATGTATGTTGTTAGTTGCA	25	36.00	59.62
VRShB_48_LEFT	2	GAATTTCTAAGGTTATACAACGGGCA	26	38.46	60.12
VRShB_48_RIGHT	2	TGCACAACATCAAAAACAGGAAGT	24	37.50	60.40
VRShB_49_LEFT	1	ACATTACTATATTAAAAACTTACGTGTGCC	30	30.00	59.81
VRShB_49_RIGHT	1	AGTTCAGCTGATCTAAAGTTTAAAACATGA	30	30.00	60.88
VRShB_50_LEFT	2	TCATATTCTATAGCTGGACGTAATGAAGT	29	34.48	60.67
VRShB_50_RIGHT	2	TGTTAGTTTTAGACTTTTATTCAACCCCT	29	31.03	60.12
